time,seconds_elapsed,z,y,x
1662982563186761700,0.36376171875,-0.03965396499633789,0.008822919533401728,0.04787584989666938
1662982563196717800,0.3737177734375,-0.03375730817317962,0.031181320205330848,0.04278977880403399
1662982563206675000,0.383675048828125,-0.014062427622079848,0.03126680653169751,0.015677023211866616
1662982563216631300,0.39363134765625,-0.045637131059169764,0.028894962833821772,0.01111702181994915
1662982563226587100,0.403587158203125,-0.08670680807232856,0.006044833122193813,-0.005630114841461181
1662982563236543200,0.413543212890625,-0.11028466753661632,-0.004598872097581625,-0.021598083823919294
1662982563246499000,0.4234990234375,-0.09007540772259234,-0.026334172435104844,-0.0095626319848001
1662982563256456200,0.433456298828125,-0.06741466310322285,-0.047349487935006616,0.014551818574219942
1662982563266412000,0.443412109375,-0.06936871978044509,-0.05717983094528317,0.04093830571845174
1662982563276368100,0.4533681640625,-0.06485153461694718,-0.041713966266065834,0.038493396784365176
1662982563286324000,0.463323974609375,-0.0500625462859869,-0.04235620969235897,0.036165246097743506
1662982563296280000,0.473280029296875,-0.02039747586250305,-0.04851268649548292,0.043741672701388595
1662982563306236000,0.48323583984375,-0.010041501542925834,-0.0526940638333559,0.03096870036795735
1662982563316193000,0.493193115234375,-0.0244908826559782,-0.05302578000575304,0.02550385909080505
1662982563326148900,0.50314892578125,-0.037543840974569316,-0.049188832191377874,0.011958879471570252
1662982563336105200,0.513105224609375,-0.02682370951771736,-0.04250906216651201,-0.005095131181925535
1662982563346061000,0.52306103515625,0.013684826481342316,-0.026660920171439645,-0.008457008830457925
1662982563356017200,0.53301708984375,0.016488193464279172,-0.037800299953669306,-0.00032689386680722233
1662982563365974000,0.54297412109375,0.012822072172164916,-0.048936757126450535,0.017569851221144198
1662982563375930000,0.55293017578125,0.012221768191456794,-0.056195642213523384,0.025085925939679145
1662982563385886000,0.562885986328125,-0.012573065847158432,-0.07067103455066681,0.021930676779150962
1662982563395842000,0.572842041015625,-0.11721359001696109,-0.10348039434924722,0.051505730831623076
1662982563405798000,0.5827978515625,-0.23735212756991386,-0.13925547208562492,0.09911474648565054
1662982563415755000,0.592755126953125,-0.30880642145276066,-0.1712614065468311,0.1560696826338768
1662982563425711000,0.602711181640625,-0.35540626006424425,-0.27571386079862714,0.18965894076377152
1662982563435667000,0.6126669921875,-0.307367913082242,-0.29107305023297664,0.22124372720345853
1662982563445623000,0.622623046875,-0.11253507681190966,-0.25125731880366803,0.1554264162942767
1662982563455579100,0.6325791015625,0.04209492840766906,-0.3821922679200768,0.17475728583857417
1662982563465535200,0.64253515625,0.0988917513847351,-0.3897724939160049,0.17178462670333683
1662982563475492000,0.6524921875,0.10176175386309623,-0.32880715308263897,0.01827390783727169
1662982563485448200,0.6624482421875,-0.00622749621272087,-0.2368853868409991,-0.10035290997847914
1662982563495404000,0.672404052734375,-0.10625438910722732,-0.14597294377237557,-0.10126768673583865
1662982563505360100,0.682360107421875,-0.26444004098176954,-0.11891337967216968,-0.1428075385440141
1662982563515316000,0.69231591796875,-0.35296354308724404,-0.11653306040689348,-0.20215163485109805
1662982563525273000,0.702273193359375,-0.4591600645273924,-0.11323927955850958,-0.48308644516840576
1662982563535229000,0.71222900390625,-0.3114016986429691,0.11458061116486787,-0.33654563838019963
1662982563545185000,0.72218505859375,0.09491115731596945,0.1579369378104806,0.42979755724705754
1662982563555140900,0.732140869140625,0.3424988476961851,-0.24049071785658596,0.612692447235994
1662982563565097200,0.74209716796875,0.14518822313547133,-0.4177854132182896,-0.04943265088461339
1662982563575054000,0.75205419921875,-0.04323357704877853,-0.40787031453400846,-0.174445662606135
1662982563585010200,0.76201025390625,0.008158756536245346,-0.2348120876982808,-0.14589094631103797
1662982563594966300,0.77196630859375,0.2683452317267656,-0.03332841523662209,-0.03846338523859158
1662982563604922000,0.781922119140625,0.5275064555227756,0.4628771122891456,0.013556651790719479
1662982563614878200,0.791878173828125,0.32060265770852564,0.6123240157824009,-0.030516901479847727
1662982563624834000,0.801833984375,0.016476503026485442,0.22521211937777696,0.0301255092757754
1662982563634791200,0.811791259765625,0.0981686978071928,-0.07844159548692405,0.10396873498861678
1662982563644747000,0.8217470703125,0.1433855576276779,-0.20909867751002312,0.2057724922293797
1662982563654703000,0.831703125,0.2951028902709484,-0.11774791608937084,0.22475904184803366
1662982563664659000,0.841658935546875,0.5250549707174301,-0.0045247108828276395,0.1612639998739585
1662982563674615000,0.851614990234375,0.6201210263341664,0.002683686126023531,0.05892556036775931
1662982563684572000,0.861572021484375,0.4348340170443058,0.1040838401351124,0.11767481432054192
1662982563694528000,0.871528076171875,0.10476678089797496,0.33227745954170823,0.2572413981819525
1662982563704484000,0.881484130859375,-0.26099311539828773,0.44935755937211214,0.30278982804436233
1662982563714440200,0.891440185546875,-0.5181763171195983,0.38020832756124434,0.23055830271132288
1662982563724396000,0.90139599609375,-0.5783434933125973,0.24688027276322244,0.18899609294086694
1662982563734353200,0.911353271484375,-0.4794020575672388,0.12270195830017327,0.19588360569858923
1662982563744309000,0.92130908203125,-0.32659692968726156,0.06359459335841239,0.1422203132405877
1662982563754265000,0.93126513671875,-0.20155776061117647,0.03269735079146922,0.02098276493716985
1662982563764221000,0.941220947265625,-0.06860182706117629,-0.017533172472566364,-0.11572042884975671
1662982563774177000,0.951177001953125,-0.06182254218459129,-0.00895282952338457,-0.14304061664752662
1662982563784134100,0.961134033203125,-0.09999182158112525,0.07804236703626811,-0.030961430376954376
1662982563794090000,0.971090087890625,-0.239968447548151,0.19208806760683655,-0.015952570483926683
1662982563804046000,0.981046142578125,-0.28557226085960863,0.23949834581837057,0.01788114566002041
1662982563814002000,0.991001953125,-0.18522446544766424,0.2039031546935439,-0.08818729242105036
1662982563823958300,1.000958251953125,-0.03813011642992496,0.16632804179787636,-0.14861724773608148
1662982563833914000,1.0109140625,0.1169604920387268,0.10967734929323196,-0.12005495092272758
1662982563843871200,1.020871337890625,0.25883096892833707,0.08666063084304332,-0.15419376922678202
1662982563853827000,1.0308271484375,0.5485936672151088,-0.062089084166288375,-0.23321762158107012
1662982563863783200,1.040783203125,0.6948848831564187,-0.1977254889719188,0.0819577869143337
1662982563873739000,1.050739013671875,0.4654506891041994,-0.28968700270205733,0.4940655928876251
1662982563883695000,1.060695068359375,0.04244330345392227,-0.41254926613047715,0.6933561392191797
1662982563893652000,1.07065185546875,-0.1811620383143425,-0.39665158590525385,0.561072040516138
1662982563903608000,1.080608154296875,-0.15473463463783263,-0.22549320134148002,0.4467800370343029
1662982563913564000,1.09056396484375,-0.1426186649084091,-0.05232727634757757,0.38161512561924754
1662982563923520000,1.10052001953125,-0.21702420981228351,0.11935279400274157,0.18841200944259762
1662982563933476000,1.11047607421875,-0.26869769842624663,0.2969176846079528,0.06431698934882879
1662982563943433000,1.120432861328125,-0.18021394380927086,0.41600832054316994,-0.02631755009386688
1662982563953389000,1.13038916015625,-0.08601473415493964,0.421345882178843,-0.25233784404937176
1662982563963345200,1.14034521484375,-0.09397767585813999,0.2543080846764147,-0.4696983366113156
1662982563973301200,1.15030126953125,-0.12979483917057513,0.02166501158028841,-0.6911836905509233
1662982563983257000,1.160257080078125,-0.4827566286921501,-0.16322276925891638,-0.5859712847772985
1662982563993214200,1.170214111328125,-1.210006488880515,-0.23085107511281966,-0.2317363700473681
1662982564003170000,1.180170166015625,-1.0586603276371955,-0.17900398349761962,-0.33519415070600805
1662982564013126100,1.190126220703125,-0.3931704657912254,0.08115165816321969,-0.3796924504609778
1662982564023082000,1.20008203125,0.09087678723335266,0.2609783562205732,0.07906359984278678
1662982564033038000,1.2100380859375,0.35094811161160466,0.10306216893717646,0.34104243834279474
1662982564042994000,1.219993896484375,0.3757937990546226,-0.07215250528007745,0.40753187635988
1662982564052951000,1.229950927734375,0.33733459680080413,-0.12452771242260932,0.3253053555067628
1662982564062907000,1.239906982421875,0.19633096587359905,-0.0350458866789937,0.2199878819234669
1662982564072863000,1.249863037109375,-0.006553659427165985,0.03421498881280422,0.20776699051484465
1662982564082819000,1.259819091796875,-0.2368582065731287,0.03257145938947797,0.23865447887275368
1662982564092775200,1.269775146484375,-0.6002379297345877,0.10248495357111095,0.23592242356035856
1662982564102732000,1.27973193359375,-0.68509121889472,0.09990662751570344,0.11364961392506956
1662982564112688000,1.289688232421875,-0.43717911886572836,0.000820084211230278,-0.10292999392487108
1662982564122644000,1.29964404296875,-0.2512099725306034,0.044516748727113004,-0.0927875892907381
1662982564132600000,1.30960009765625,0.018923311656713484,0.13998597831726073,0.014426950085535645
1662982564142556000,1.319555908203125,0.3467693646222353,0.17479454910904169,0.052158422586694356
1662982564152513000,1.329512939453125,0.5138929407119751,0.09975888960808516,0.08192958373315631
1662982564162469000,1.33946923828125,0.5983353109836578,-0.029494390031695364,0.1501918035764247
1662982564172425000,1.349425048828125,0.7792489274948835,-0.11072773512899875,0.16036562626212833
1662982564182381000,1.359381103515625,0.9161123898774385,-0.07581804205030203,0.08740874579660594
1662982564192337200,1.369337158203125,0.9254583103716373,-0.012494447652995585,-0.02930675850510597
1662982564202293800,1.379293701171875,0.8132645943433046,0.0057400049567222595,-0.0962892407361418
1662982564212250400,1.38925048828125,0.5588870976924896,0.009170856188237667,-0.047190644111484284
1662982564222206700,1.399206787109375,0.3088531832039356,0.006468319231271743,0.017151187417656182
1662982564232162600,1.40916259765625,0.07183189502358436,-0.055475803506374356,0.1096445795347914
1662982564242118700,1.41911865234375,-0.12785948719382284,-0.07446896552890539,0.13348715434987096
1662982564252074500,1.429074462890625,-0.20213760632574557,-0.005580138219892978,0.1278909783106297
1662982564262031600,1.439031494140625,-0.06741407858133315,0.1570849971562624,-0.10274835374765097
1662982564271987700,1.44898779296875,0.39598903034329413,-0.2187538100838661,-0.2832670891897753
1662982564281943600,1.458943603515625,0.34531039798557756,-0.25830796796754,0.11454217885062098
1662982564291899400,1.4688994140625,-0.016160861206054686,0.054986558684706685,0.06405665791220963
1662982564301855500,1.47885546875,-0.09786065477132797,0.1575644512362778,-0.2314534614527598
1662982564311812600,1.4888125,-0.1590285324394703,0.10082081975117325,-0.08695333017930387
1662982564321768400,1.4987685546875,-0.2761491834759712,0.10435893074944615,0.017845782085694373
1662982564331724500,1.508724609375,-0.4276660251110792,0.05268003530800342,-0.0061236339794471855
1662982564341680600,1.5186806640625,-0.5252431867659092,-0.04095116520002484,0.013131613045372068
1662982564351636700,1.52863671875,-0.7085708786815405,-0.1450948457635939,0.09630060238037258
1662982564361592600,1.538592529296875,-0.8106476898431777,-0.12615516749396918,0.0889072041934356
1662982564371549700,1.5485498046875,-0.7236842766612768,0.006812164232879877,-0.022768150516599417
1662982564381505500,1.558505615234375,-0.4803729484260082,0.05152385101020336,-0.08960970817329361
1662982564391461600,1.568461669921875,-0.2023842745631933,0.03448459953442216,-0.04381232678480446
1662982564401417500,1.57841748046875,-0.007643208229541778,0.023782003734260797,-0.030295349417347458
1662982564411373600,1.58837353515625,0.139494979929924,0.0454861782811582,-0.052067565965466196
1662982564421330400,1.598330322265625,0.27317572062313555,0.01585237977877259,0.007704144636541605
1662982564431286500,1.60828662109375,0.36512744361162186,-0.12269523629844188,0.20936107303956522
1662982564441242400,1.618242431640625,0.19454934315383432,0.008417845863848925,0.02748339726915583
1662982564451198500,1.628198486328125,0.004897124391794205,0.014035539615154266,-0.11024751386400311
1662982564461154600,1.638154541015625,0.07904197253286838,-0.014807693031430244,0.09105028063673526
1662982564471111400,1.648111328125,0.08871464076340198,0.03656389002650976,0.07869763434091583
1662982564481067800,1.65806787109375,0.007738485297560691,0.002056055746972561,-0.09587105185668915
1662982564491023600,1.668023681640625,-0.04040098397135734,-0.11548910431191324,-0.12581541414558886
1662982564500979700,1.677979736328125,-0.041966333591938014,-0.13536840151920915,-0.025479108242038636
1662982564510935600,1.687935546875,0.027487141862511635,-0.08470160572975874,0.0032963015990331765
1662982564520891600,1.6978916015625,0.019621815314888953,-0.09276610811129211,0.0039476599135436115
1662982564530848500,1.7078486328125,-0.07410685421824455,-0.05859656587541103,-0.020426391429733484
1662982564540804600,1.7178046875,-0.18573358401358125,0.059204322510212654,-0.043989181189052755
1662982564550760400,1.727760498046875,-0.34606793835461136,0.05311857285574078,-0.07546802303623408
1662982564560716500,1.737716552734375,-0.46786534903049465,0.0496061808206141,-0.08351314486386253
1662982564570672600,1.747672607421875,-0.4065466647148132,0.060828708841651674,-0.026744506801664826
1662982564580629500,1.75762939453125,-0.3048100452929735,0.04841390229612589,0.04513265213575214
1662982564590585300,1.76758544921875,-0.18689210639894008,0.03532645718604326,0.09037709408290684
1662982564600541700,1.777541748046875,-0.07754851910471916,0.045052609169483185,0.1129595675679855
1662982564610497500,1.78749755859375,0.022971125742793082,0.029116058238595723,0.09621453153211623
1662982564620453600,1.79745361328125,0.1373778416454792,0.009939356342703104,0.08373716287808493
1662982564630410800,1.80741064453125,0.27072715842723843,-0.006679185502976179,0.0618151991283521
1662982564640366600,1.81736669921875,0.2865378910213709,-0.041150487164407966,0.0003093582101166248
1662982564650322700,1.82732275390625,0.2339209840774536,-0.08870558067411184,-0.06841430513244122
1662982564660278500,1.837278564453125,0.1215659400075674,-0.11412030017673969,-0.12579627105370164
1662982564670234400,1.847234375,-0.04905483054816723,-0.11580562291517853,-0.20768291069427505
1662982564680190500,1.8571904296875,-0.18585282647907733,-0.06004281916096806,-0.16516307140542194
1662982564690147600,1.867147705078125,-0.25948563344478603,0.006532324378192424,-0.0601207067027688
1662982564700103400,1.877103515625,-0.2313677924633026,0.03996873003393411,0.027943032403849065
1662982564710059500,1.8870595703125,-0.08662380596399306,0.12057809801399708,0.1361434592786245
1662982564720015600,1.897015625,0.08884323557913303,0.07358589908406138,0.16086108162887394
1662982564729971700,1.9069716796875,0.09387538452744483,-0.03249488702192902,0.14051314399652182
1662982564739928600,1.916928466796875,-0.025156653088331222,-0.07399886379912496,0.07253918477641418
1662982564749884700,1.926884765625,-0.16061901650130747,-0.029450550889968872,0.0787824996127747
1662982564759840500,1.936840576171875,-0.30365386099517344,0.03128711866736412,0.05873423904674127
1662982564769796600,1.946796630859375,-0.39905192504525183,0.11529212043508887,0.0557546021814458
1662982564779752400,1.95675244140625,-0.5283779776602984,0.23709566859081385,-0.2617214479391463
1662982564789709600,1.96670947265625,-0.42610301357805724,0.23684110930785535,-0.1741851119738072
1662982564799665400,1.97666552734375,-0.267583599704504,0.14247984095960856,0.24163144885692744
1662982564809621500,1.98662158203125,-0.20856910067796705,0.040780046416819093,0.21635226536747068
1662982564819577300,1.996577392578125,-0.12808978881835936,-0.02699877382367849,0.1741742252536118
1662982564829533700,2.00653369140625,-0.13291560153961182,-0.0236652454867959,0.3210633340228349
1662982564839489500,2.016489501953125,-0.39140871681571004,0.041208062570542096,0.0655139440484345
1662982564849446700,2.02644677734375,-0.5391068769454955,0.06988368356525898,-0.19693737080153076
1662982564859402800,2.03640283203125,-0.5600865366101264,0.09593903905898332,-0.2080934459902346
1662982564869358600,2.046358642578125,-0.4915443307816982,0.06281330678761005,-0.20583368436470625
1662982564879314700,2.056314697265625,-0.2805541404366493,-0.010800795477628708,-0.2236294167635962
1662982564889270500,2.0662705078125,0.01590659418404102,-0.0917472864575684,-0.23746981739914044
1662982564899227600,2.0762275390625,0.17381050650775431,-0.14721782926693558,-0.2182716160574928
1662982564909183500,2.08618359375,0.18712825324237345,-0.10845803663134575,-0.15359699064372107
1662982564919139600,2.0961396484375,0.08608779939115047,0.09470014491379261,0.10231664779949932
1662982564929095400,2.106095458984375,0.08398118250072002,0.2560800627849996,0.3260707869213074
1662982564939051500,2.116051513671875,-0.009118541479110717,0.26029446560963987,0.1512801102697849
1662982564949008400,2.12600830078125,-0.08990122019946574,0.15298238414302467,-0.07190875965207814
1662982564958964500,2.135964599609375,0.11392097821235656,0.22884558050930498,-0.3148457746822387
1662982564968920600,2.145920654296875,0.4592810605585575,0.3595052198156714,-0.6724963796071708
1662982564978876700,2.155876708984375,0.2091816796183586,0.8083800371721387,-1.6015500841222703
1662982564988832500,2.16583251953125,0.6328238560408354,0.16166574907526374,-1.1304036675944924
1662982564998789600,2.17578955078125,0.8513497025877237,-0.5577525407046079,0.3629162703681737
1662982565008745700,2.185745849609375,0.778912242886424,-0.6662906568348408,0.8060605812486261
1662982565018701600,2.19570166015625,0.4963537768900394,-0.6949132324680686,0.5844289507061242
1662982565028657700,2.20565771484375,0.10590542953908443,-0.8309387827217578,0.4414499280527234
1662982565038613500,2.215613525390625,-0.1301928985774517,-0.5759446154773235,0.42015049838181584
1662982565048569600,2.225569580078125,-0.16524667630195616,-0.2091561067856848,0.2747824617000297
1662982565058526500,2.2355263671875,-0.12138649178743362,-0.34484833343178034,0.18915570394936948
1662982565068482600,2.245482666015625,0.03636427580118179,-0.34814430623725057,0.33368802045937623
1662982565078438400,2.2554384765625,0.18066285662055015,-0.018368161991983652,0.31904395702444016
1662982565088394800,2.265394775390625,0.2380897941946983,0.3172667912840843,0.5837890088347718
1662982565098350600,2.2753505859375,0.3204343154042959,0.09811594470664858,0.8256053858045488
1662982565108307700,2.2853076171875,0.17109364876449107,-0.11834683183059096,0.3726752286426723
1662982565118263600,2.295263671875,0.014576806885004043,-0.05524754770845174,-0.5043427298173309
1662982565128219600,2.3052197265625,-0.12377192561924456,0.3796573426149785,-0.5913140340447426
1662982565138175500,2.315175537109375,-0.4993243171334266,0.6158790048502385,-0.0727239484924823
1662982565148131600,2.325131591796875,-0.7530623468369245,0.36185865107402204,0.2443943742316216
1662982565158088400,2.33508837890625,-0.6191904674857854,0.048991994445025916,0.41959860012009736
1662982565168044500,2.34504443359375,-0.482510544976592,-0.0934336321093142,0.648941389561817
1662982565178000400,2.35500048828125,-0.23911212297976014,0.013112725681811571,0.7628987542618065
1662982565187956500,2.36495654296875,-0.053694765308499336,0.19754925562217832,0.6601449206214398
1662982565197912600,2.37491259765625,-0.07458148599267006,0.1619828522004187,0.4083368360672146
1662982565207869400,2.384869384765625,-0.1347889941960573,-0.14939838817641138,0.003286291661672294
1662982565217825500,2.394825439453125,-0.22400690830647943,-0.31724910949692126,-0.24004586016591636
1662982565227781600,2.40478173828125,-0.2963426611989736,-0.32367505089119075,-0.10934249131567776
1662982565237737700,2.41473779296875,-0.9345990636825561,-0.5032675018012523,0.09317878056541085
1662982565247693600,2.424693603515625,-1.0566104093700646,0.07030965389236807,0.3073514734040946
1662982565257649700,2.434649658203125,-0.3024345483332872,-0.4125204784274101,0.8109940921280533
1662982565267606800,2.444606689453125,-0.11952303600311279,-1.0388904821537435,1.08494861510396
1662982565277562600,2.454562744140625,-0.5014993230849504,-1.2269694602496921,1.1857053566429763
1662982565287518700,2.464518798828125,-0.7831646396338939,-1.2495609390251339,1.6940806299120186
1662982565297474600,2.474474609375,-1.2819523656725882,-1.2661137221582233,1.7293059648111462
1662982565307430700,2.4844306640625,-1.5280004253953694,-1.0698092059001325,1.410985280559957
1662982565317387500,2.494387451171875,-3.1193279523193835,-0.9063969054184854,1.1684420140877365
1662982565327343600,2.504343505859375,-3.142179251074791,-1.2231639304868875,1.7481927438497542
1662982565337299700,2.5142998046875,-2.8887831666767596,-1.330961311252415,1.8207859786346554
1662982565347255800,2.524255859375,-2.4315134459406136,-1.04810532361418,1.8943537575401366
1662982565357211600,2.534211669921875,-1.7114888608306644,-0.649630029413104,1.871465341644734
1662982565367168800,2.544168701171875,-0.8894593607515097,-0.16814181322157382,1.5806081261195242
1662982565377124600,2.55412451171875,-0.11622691706717013,0.17630203106254339,1.379637225485593
1662982565387080700,2.564080810546875,0.48302550876140593,0.47119624701887364,1.1241486988529563
1662982565397036500,2.57403662109375,0.9037047437250614,0.806173174777627,0.9310479470722377
1662982565406992600,2.58399267578125,1.0916051503837108,1.019236956526339,0.9008112142406404
1662982565416949800,2.59394970703125,0.9011322628885508,1.0470634133458137,0.9513070373773574
1662982565426905600,2.603905517578125,1.0914186879009007,0.9042173694223165,1.1463888799726962
1662982565436861700,2.61386181640625,1.2095371178030967,0.7321499071896076,1.5736767194211483
1662982565446817500,2.623817626953125,1.0913631583213805,0.5504176677718758,2.086163884988427
1662982565456773600,2.633773681640625,0.9625994157642126,0.24725509742498397,2.5376588217154143
1662982565466729700,2.643729736328125,0.5069786312788724,-0.4376128341078758,3.0731191588521
1662982565476686600,2.6536865234375,-0.29333354251086713,-1.2165887898802756,3.6736744839727877
1662982565486642700,2.663642578125,-1.02786070022583,-1.7517282244995236,4.261664926552772
1662982565496598800,2.673598876953125,-1.5893717166811228,-1.8551909370616078,4.579481168413162
1662982565506554600,2.6835546875,-1.8976719421774149,-1.5649743575274944,4.463249575170875
1662982565516510700,2.6935107421875,-1.8267688524365424,-1.1050132057502866,4.3989629809603095
1662982565526467600,2.703467529296875,-1.4792185665696858,-0.6770435215175151,4.234779257714748
1662982565536423700,2.713423583984375,-0.9809896434575319,-0.2165712053477764,4.286535748437046
1662982565546379500,2.723379638671875,-0.5488952805101871,0.16550503497719762,4.422795984229445
1662982565556335600,2.733335693359375,-0.23828560902774332,0.42538522069752216,4.256591861072183
1662982565566291500,2.74329150390625,0.004821136546134948,0.5687050196126103,4.0230657215312124
1662982565576248600,2.75324853515625,0.02629530172944069,0.6506660944625735,4.124807601650059
1662982565586204400,2.763204345703125,-0.22724340600967405,0.5958008240699768,4.2417987810879945
1662982565596160800,2.773160888671875,-0.5780997476845979,0.39737990017980335,4.074659715168178
1662982565606116600,2.78311669921875,-0.6374789883702993,0.34713936697840686,3.7839267105445265
1662982565616072700,2.79307275390625,-0.42757191708683967,0.6194774677336216,3.545801260514557
1662982565626029800,2.80302978515625,-0.3866396027177572,1.332017250046134,3.07880772588253
1662982565635985700,2.812985595703125,-0.28065117107033727,2.2396248464286326,2.321249821192026
1662982565645941800,2.822941650390625,0.020916531300544737,3.0362627156198023,1.475907834586501
1662982565655897600,2.832897705078125,0.5527303286284208,3.518350651270151,0.44967853495478627
1662982565665853700,2.842853759765625,1.1353121901631356,3.6493998744159937,-0.5238415032744408
1662982565675810600,2.852810546875,1.2684580933272838,3.619021102765202,-1.3728580867394804
1662982565685766700,2.8627666015625,0.9523919100046158,3.4921646551340815,-2.159697907754779
1662982565695722500,2.872722412109375,0.4703548277586698,3.432112337492406,-2.821405328452587
1662982565705678600,2.8826787109375,0.08589140003621577,3.4956484055966137,-3.4011306315124035
1662982565715634700,2.892634765625,-0.06145429339408874,3.630375732733309,-3.876847863087058
1662982565725591600,2.902591552734375,0.06845569658875465,3.6883655648872256,-4.316286743578314
1662982565735547600,2.912547607421875,0.2888280477851629,3.637845922483504,-4.702563065941631
1662982565745503700,2.922503662109375,0.3327168738722801,3.400473044386506,-4.835520753057301
1662982565755459600,2.93245947265625,-0.009422492861747742,2.907993478581309,-4.548514367741346
1662982565765415700,2.942415771484375,-0.5248603249281645,2.263813239006698,-4.015325774928927
1662982565775372800,2.952372802734375,-1.1102695188432932,1.6122601325765251,-3.322603622764349
1662982565785328600,2.96232861328125,-1.427965933716297,1.0748729190304875,-2.6695781056940553
1662982565795284700,2.97228466796875,-1.4000591051369904,0.7602458286002278,-2.1936725119404494
1662982565805240600,2.982240478515625,-1.033836267504096,0.6320066944390536,-1.9180111119814216
1662982565815196700,2.99219677734375,-0.5960831481426954,0.6744494133710861,-1.9201148062624036
1662982565825153500,3.002153564453125,-0.2297340537816286,0.9021130906194448,-2.083498319040984
1662982565835109600,3.012109619140625,-0.00860123960673809,1.1130702554777263,-2.363856644644588
1662982565845065500,3.0220654296875,0.008623451438546181,1.2255614931479095,-2.6576228794842955
1662982565855021800,3.032021728515625,-0.009821721312403678,1.2354928123146294,-2.917456303453445
1662982565864977700,3.041977783203125,-0.0918114377349615,1.2165849904879926,-3.1836013947874306
1662982565874934800,3.051934814453125,-0.2423737551242113,1.216444705234468,-3.4144366878092285
1662982565884890600,3.061890625,-0.38585809695124623,1.1894593754142522,-3.6620147335782645
1662982565894846700,3.0718466796875,-0.3272352275907993,1.1835703173756598,-3.8811063973143693
1662982565904802600,3.081802490234375,-0.1952659669905901,1.2741615656659007,-4.018293392562866
1662982565914758700,3.091758544921875,-0.16662556343972681,1.3351152160614728,-4.100381308662891
1662982565924714500,3.101714599609375,-0.2856418189644813,1.270951079186797,-4.19618853803575
1662982565934671600,3.111671630859375,-0.4506371508538723,1.1104662104591727,-4.127720566487312
1662982565944627700,3.121627685546875,-0.6346387965083122,0.9310536461606621,-4.010038774436712
1662982565954583600,3.13158349609375,-0.8550228381425142,0.7650169885247945,-3.8422517660021778
1662982565964539600,3.14153955078125,-1.271920801001787,0.592044101884961,-3.708849842250347
1662982565974496500,3.15149658203125,-1.7351017916083336,0.451215827524662,-3.731586282454431
1662982565984452600,3.16145263671875,-2.0035417158812283,0.48000323833078146,-3.7775516225546597
1662982565994408700,3.17140869140625,-1.9684213026612996,0.6608090105533599,-3.7753891838237643
1662982566004364800,3.18136474609375,-1.6652911732792854,0.8422092415377497,-3.7997517639249563
1662982566014320600,3.191320556640625,-1.260225687032938,1.05336485157758,-3.8133676168233155
1662982566024277800,3.20127783203125,-0.9314555049598217,1.2964037926122545,-3.742595167724788
1662982566034233600,3.211233642578125,-0.6927887876600026,1.594249844111502,-3.6494241320744156
1662982566044189700,3.221189697265625,-0.4685264432877302,1.906675917366147,-3.58498906930387
1662982566054145500,3.2311455078125,-0.20127076036334038,2.1491724220871924,-3.6279277550593014
1662982566064101600,3.2411015625,0.08679623992145061,2.2545190486997364,-3.745933372236788
1662982566074058500,3.25105859375,0.2394067220121622,2.2400299200981855,-3.7995419205665586
1662982566084014600,3.2610146484375,0.21555296821594236,2.093969298042357,-3.7230788586109873
1662982566093970400,3.270970458984375,0.15040800361037254,1.9958792184293268,-3.6561820819020268
1662982566103926800,3.2809267578125,0.27197219005227086,2.172382909543812,-3.8960803868234155
1662982566113882600,3.290882568359375,0.4232008623957634,2.62466899664849,-4.268202219367027
1662982566123839700,3.30083984375,0.5990478431671857,3.0266312561824917,-4.381742966090142
1662982566133795800,3.3107958984375,0.753544577395916,3.2258325167953967,-3.7751013067930934
1662982566143751700,3.320751708984375,0.7265045947790145,3.048264411319792,-2.295665882602334
1662982566153707800,3.330707763671875,0.47861646014750003,2.784189404258132,-0.8969191752381622
1662982566163663600,3.34066357421875,0.897629223203659,1.9896850399643182,1.3350778066605329
1662982566173619700,3.35061962890625,1.2848580239862202,0.6952487480327486,2.962649782398343
1662982566183576600,3.36057666015625,1.3498282165467739,-0.4828507367163896,3.0147008721530435
1662982566193532700,3.37053271484375,1.0654600707799196,-0.9062509210765362,2.415584786055237
1662982566203488500,3.380488525390625,0.811085496738553,-0.23074703021645546,1.8974469012498854
1662982566213444600,3.390444580078125,0.4868552961826324,0.6844055747181177,1.9024635603681206
1662982566223401700,3.400401611328125,-0.2094564049065113,0.9730711254179477,2.1753388367399573
1662982566233357600,3.410357666015625,-0.9752449623256921,0.533845010894537,2.249623824004084
1662982566243313700,3.420313720703125,-1.050617306435108,-0.5359352611720561,1.9916404118157922
1662982566253269800,3.430269775390625,-0.43410394920408724,-1.3141823181480168,1.2981155649662017
1662982566263225900,3.440225830078125,-0.30849019511044024,-1.187949263112247,1.8151862589314578
1662982566273183000,3.450182861328125,-0.56936757517457,-0.4325926678583026,3.1071435935288667
1662982566283138800,3.460138916015625,-0.7166296819746494,0.17140461440980434,3.4731355450153347
1662982566293095000,3.470094970703125,-0.43565936195254323,0.38573300926685333,3.118838415236771
1662982566303050800,3.48005078125,0.14399346039295197,0.32767771066129203,2.771829396639764
1662982566313006800,3.4900068359375,0.74061261510849,0.0007455576702952385,2.551163907715678
1662982566322963700,3.499963623046875,1.0262024116247892,-0.39561727442145345,2.6841379614442586
1662982566332919800,3.509919921875,0.7580401352494954,-0.5137120311871171,2.9191940870314834
1662982566342875600,3.519875732421875,0.4997054254055023,-0.49821401780396696,3.1240082190901037
1662982566352831700,3.529831787109375,-0.2727431744247675,-1.235833296315372,3.3511905425623056
1662982566362787800,3.539787841796875,-0.7094038223743439,-1.0782955869555473,2.2355489752918483
1662982566372744700,3.54974462890625,-0.16168459990620612,0.6521843900710343,1.5790848620750009
1662982566382700800,3.55970068359375,-0.27132103266716,0.8971101677656174,2.2857503455266355
1662982566392657000,3.569656982421875,-7.117585103547572,-2.394628945657611,7.380084531855583
1662982566402612700,3.57961279296875,-7.578058588761091,-6.556278085231781,9.693873515647649
1662982566412568800,3.58956884765625,1.137577212485671,-4.972473355028033,6.6005959503859275
1662982566422526000,3.59952587890625,3.6926959953069685,-0.6299059227675199,3.5074580858558413
1662982566432481800,3.609481689453125,4.835274961602687,1.4725138082340359,1.13734121177271
1662982566442438000,3.61943798828125,3.641668403381109,1.5308762730926275,-0.30962223134767264
1662982566452393700,3.629393798828125,2.7391689437925812,0.6228364227727056,-0.6737005677651614
1662982566462349600,3.639349609375,1.456097803223133,-0.04422288034707308,0.271611101654917
1662982566472306700,3.649306640625,-0.08464286127984523,-0.6165326464533806,1.1184067211348563
1662982566482262800,3.6592626953125,-1.8208394623875617,-0.6691703039243817,1.2558350508585572
1662982566492218600,3.669218505859375,-2.2033102549880743,-0.39457565641403197,1.3050351350963114
1662982566502175000,3.679175048828125,-1.380097098082304,-0.11143208400607109,1.3373269007615745
1662982566512130800,3.689130859375,-0.5225076243221759,0.10546528455615042,1.0162151244871318
1662982566522088000,3.699087890625,-0.3255108880162239,0.28924919580668207,0.7519414530482142
1662982566532043800,3.709043701171875,-0.49502808124423026,0.14584054956436157,0.7022047777157276
1662982566541999900,3.718999755859375,-0.5356956071972847,-0.17842676813155411,0.5227268930960446
1662982566551955700,3.728955810546875,-0.31170506550371646,-0.32174627478569745,0.332959779250063
1662982566561911800,3.738911865234375,-0.003545125260949135,-0.11265928771346807,0.401695279160887
1662982566571868700,3.74886865234375,0.3500631454706192,0.0947507060572505,0.7177861585333943
1662982566581824800,3.75882470703125,0.8446060735464096,0.035981998485326766,0.8831405329935252
1662982566591780600,3.768780517578125,1.3806108928233385,-0.21367811425477265,0.8827977109052241
1662982566601736700,3.77873681640625,1.5827105052262544,-0.4797036708623171,0.7391359666846692
1662982566611692500,3.788692626953125,1.2734937494069336,-0.5413263065606355,0.5508809013694524
1662982566621649700,3.798649658203125,0.8333265546411276,-0.377667483972013,0.13265885029956698
1662982566631605800,3.808605712890625,0.35176878034472464,0.0031467735931277273,-0.5454883216109127
1662982566641561900,3.818561767578125,0.08717676367163657,0.5644489696033299,-0.7461063171539455
1662982566651518000,3.82851806640625,-0.01295826577246189,0.8350976559668779,-0.4141075649557635
1662982566661473800,3.838473876953125,-0.3658347150981426,0.8591613992519677,-0.23770393668226897
1662982566671431000,3.848430908203125,-0.16196633945703506,1.6115902704909444,-0.606918576542288
1662982566681386800,3.85838671875,-0.9873527487486601,0.8596504979431628,-0.4664052864152938
1662982566691342800,3.8683427734375,-1.495518543985486,0.4957331607736647,-0.6777583187233657
1662982566701298700,3.878298583984375,-1.0854103873968124,1.1696569428354502,-1.6056921523630618
1662982566711254800,3.8882548828125,-0.6656126114428043,1.587906904825568,-1.973185009931773
1662982566721211600,3.898211669921875,-0.742865362471342,1.611573173225671,-1.881695789888501
1662982566731167700,3.908167724609375,-1.9125164600878952,1.850279053492099,-1.5703978438809514
1662982566741123600,3.91812353515625,-0.6739589995056391,1.3432942847333849,-2.5637884114891287
1662982566751079700,3.92807958984375,-0.5873451304137707,0.31180896426960825,-3.7109631811425086
1662982566761036800,3.938036865234375,-1.1939373976111411,-0.10393281429186463,-4.0697196284174915
1662982566770992600,3.94799267578125,-1.8020365622401235,1.0252262600690125,-4.974456637799739
1662982566780949000,3.957948974609375,-1.9964473737061021,2.117952815698087,-6.064751290106773
1662982566790904800,3.96790478515625,-2.1267636064022777,2.0849781823351976,-7.8584075620144604
1662982566800861000,3.97786083984375,-2.2005624175846576,1.706357343161106,-9.75112743474245
1662982566810817800,3.98781787109375,-1.9483312853127717,0.3287723740302026,-12.731438546037673
1662982566820774000,3.99777392578125,-1.7397750441163777,-0.8136544704437255,-16.239938834422826
1662982566830729700,4.007729736328125,-1.1300976703852414,-1.14702995435521,-19.205109659731388
1662982566840685800,4.017685791015625,-0.5952437747091055,-0.987493764654547,-20.217415063428877
1662982566850641700,4.0276416015625,-0.21543080314099788,-0.664719023603946,-19.506139601963756
1662982566860598800,4.037598876953125,0.32098084337115285,-0.24944340124949813,-18.479407028985023
1662982566870554600,4.0475546875,0.8762386446505784,-0.23925503858178854,-18.261288009673358
1662982566880510700,4.0575107421875,1.0478478417217731,-0.6351356401145458,-19.20123895577788
1662982566890466800,4.067466796875,-0.11318214254379272,-0.6728516227856278,-21.37086379878521
1662982566900423000,4.0774228515625,-2.2738784136861563,-0.1374123284369707,-24.15690087673664
1662982566910379800,4.0873798828125,-3.1840567373394966,1.2015931730613112,-25.842171008205412
1662982566920336000,4.0973359375,-2.201270858114958,3.341154301716387,-25.53594700446129
1662982566930291700,4.107291748046875,-0.09319500104784965,5.582592042785882,-23.46009700821638
1662982566940247800,4.117247802734375,1.926183750912547,8.183947676125168,-21.26280206799507
1662982566950203600,4.12720361328125,2.4486089576482772,11.077805077326298,-18.707605543762444
1662982566960160800,4.137160888671875,0.6312210970193147,12.952275592136383,-15.297199718904494
1662982566970116900,4.147116943359375,-2.3172417545944453,14.030817847329377,-12.852473155647516
1662982566980072700,4.15707275390625,-4.887145434093475,15.041892247927189,-11.613195564097165
1662982566990028800,4.16702880859375,-6.2268175828069445,15.771614051187038,-10.319895290458202
1662982566999984600,4.176984619140625,-5.509617407467961,16.19349155602455,-8.118453751951456
1662982567009941800,4.186941650390625,-2.355885081243515,17.05364591183662,-6.08575666873455
1662982567019897600,4.196897705078125,1.5878969679534434,18.236987096631527,-4.8033384391158815
1662982567029853700,4.206853759765625,3.9765363178074358,19.41978701415658,-4.071862777926028
1662982567039809800,4.216809814453125,4.542508405324816,21.187468886852262,-4.259635466551781
1662982567049766700,4.2267666015625,2.314172430151701,22.83282318751812,-5.118697935473919
1662982567059722800,4.23672265625,-1.9640449872732162,24.10451368689537,-5.799148050564527
1662982567069678800,4.246678955078125,-5.502113315448165,26.13420048238039,-5.835878237068653
1662982567079634700,4.256634765625,-6.964823814809322,28.74422165273428,-4.704163779136538
1662982567089590800,4.2665908203125,-7.707752305644751,30.64766107239723,-1.408137197652459
1662982567099548000,4.2765478515625,-9.005701866394281,31.852225077962874,2.4584052522584794
1662982567109503700,4.286503662109375,-11.580991915106774,32.21380096657276,6.3746636269748205
1662982567119459800,4.2964599609375,-15.41567529168129,30.40295449041128,11.412780543780325
1662982567129415700,4.306415771484375,-17.775211296647786,27.36261999530792,16.09615580191016
1662982567139371800,4.316371826171875,-17.141798827064036,24.267915612113473,19.75352913942337
1662982567149328600,4.32632861328125,-14.281161558419464,22.926253166365623,21.43783597881794
1662982567159284700,4.33628466796875,-10.42098016797304,22.152965777623653,22.12829427770376
1662982567169240800,4.34624072265625,-7.129159221485256,21.12572700868845,22.24846028778553
1662982567179197000,4.356197021484375,-4.628387530401349,20.637936477482317,21.490377482438085
1662982567189152800,4.36615283203125,-3.5493010853290556,20.070529388725756,20.314705224835873
1662982567199110000,4.37610986328125,-3.7974201061069963,19.322180041885375,18.8530497874856
1662982567209065200,4.386065185546875,-3.557105621600151,19.187790276139975,16.064364825373886
1662982567219021000,4.39602099609375,-2.6155408105582,18.91433106240034,12.700588649743795
1662982567228977200,4.40597705078125,-1.294625384762883,18.267111016738415,10.537946505230664
1662982567238933000,4.41593310546875,-0.18473112897276878,18.01191109778881,9.081330815613269
1662982567248890000,4.42589013671875,0.08988543810844421,18.428857575964926,7.8784817972719665
1662982567258846200,4.43584619140625,-0.6160013160556554,18.50956952753663,7.030912782266736
1662982567268802000,4.445802001953125,-1.9797978522002695,18.319119436395166,5.875722756201029
1662982567278758400,4.45575830078125,-3.8390263742148876,18.090157536029814,4.185978694188594
1662982567288714200,4.46571435546875,-6.402908309206366,17.52339108326435,2.753259720726311
1662982567298671400,4.47567138671875,-8.470701840245724,17.459706254339217,1.4617778946861624
1662982567308627200,4.485627197265625,-8.41729524422884,17.398263651382923,0.4684525012686848
1662982567318583300,4.495583251953125,-5.9361278328031295,16.98732605823278,-0.24790596254914998
1662982567328539100,4.5055390625,-3.0597558194100856,15.833842251563071,-0.8280535826742649
1662982567338496300,4.515496337890625,-2.009230282911658,14.503895962572097,-2.9309993833765384
1662982567348452000,4.5254521484375,-2.7987480909645557,13.000830656468867,-7.029678856557608
1662982567358408200,4.535408203125,-4.396311297407746,10.876344931870698,-10.659995844841003
1662982567368364000,4.545364013671875,-5.2080649026662105,9.206385766780375,-13.47120009727478
1662982567378320100,4.555320068359375,-4.264449588835239,8.220311367404461,-14.674578692448138
1662982567388277200,4.56527734375,-2.296818559768796,7.4754147913664575,-13.3292711681962
1662982567398233000,4.575233154296875,-0.21386837612986564,6.848865777811407,-11.717386590933799
1662982567408189200,4.585189208984375,-0.2878109796971082,5.718522608232498,-13.185336159992218
1662982567418145300,4.595145263671875,-2.8809610947489737,3.8374411508500574,-18.207873230350017
1662982567428101400,4.605101318359375,-5.633133897021413,0.9698884037286043,-23.21100651205778
1662982567438058200,4.615058349609375,-6.6714581235945225,-1.1694397929534315,-23.95342880693674
1662982567448014300,4.625014404296875,-4.587545232403278,-1.5452417753145098,-20.749100850462913
1662982567457970200,4.63497021484375,-1.0243746116757393,-0.9447880108721554,-15.708921740430593
1662982567467926300,4.64492626953125,1.6476514716923236,-0.5143814548812806,-11.196669941681623
1662982567477883100,4.654883056640625,3.3539228901356455,0.24414821745082735,-8.569562027448415
1662982567487839200,4.664839111328125,4.024034566563367,0.5658204040870071,-7.158478839471936
1662982567497795000,4.674795166015625,2.3928765490323305,-0.03143061879128217,-8.293025305959581
1662982567507751200,4.684751220703125,-0.6002823533982038,-0.7545748702917248,-12.919031494182347
1662982567517707000,4.69470703125,-3.751433430957794,-2.228762383891642,-18.24693565919399
1662982567527664000,4.7046640625,-5.630588304191828,-3.975472780229151,-22.80576216211319
1662982567537620000,4.714619873046875,-5.851906996327639,-8.679939633965493,-31.120576690554618
1662982567547576000,4.724576171875,-8.704054084524511,-6.3299395191073415,-13.24350076419115
1662982567557532200,4.7345322265625,-2.676151054343581,-1.572697206864506,-11.878190900874138
1662982567567488300,4.74448828125,-0.5043699100852013,-2.644600900825858,-8.612917769572139
1662982567577445400,4.7544453125,0.574248332953453,-0.9699461252652108,-6.462202794218063
1662982567587401200,4.764401123046875,1.4333154780507087,1.1233261304236948,-5.3435190827727315
1662982567597357300,4.774357421875,1.8400889372587204,1.933731389813125,-4.463919437256455
1662982567607313200,4.784313232421875,1.2756693398803471,3.311081235013902,-3.4344220757395028
1662982567617269200,4.794269287109375,-2.9007652808934448,4.052819347020984,-2.8658050266712904
1662982567627226000,4.80422607421875,-3.6655519677937027,4.229172816009819,-2.126818405329436
1662982567637182200,4.81418212890625,-3.0526375118374824,4.294737759593129,-0.7851854779370129
1662982567647138000,4.824137939453125,-1.4537544549673795,3.7052217148810622,0.4978112822219729
1662982567657094100,4.83409423828125,0.2862397848576307,3.053141954228282,1.4896085892893374
1662982567667051000,4.844051025390625,1.6882921096384524,2.2251804337516425,1.6002362250447273
1662982567677007000,4.854007080078125,2.1332816099941727,0.969499112150073,0.005551058255881071
1662982567686963200,4.863963134765625,1.6662778462290764,-1.0200262802731246,-2.9749823174878953
1662982567696919300,4.873919189453125,0.8704226518481969,-2.0123433003656563,-3.8600846520736813
1662982567706875100,4.883875244140625,0.6827139683693647,-2.053771143166721,-3.569510929664969
1662982567716832300,4.893832275390625,0.6913795053839683,-1.696888965331018,-2.211390101069212
1662982567726788400,4.903788330078125,1.0205214433789254,-1.1041336464367806,-1.426166921470314
1662982567736744200,4.913744140625,1.3354367031008005,-0.6166369836106896,-0.868165082179755
1662982567746700300,4.9237001953125,1.1143103186666965,-0.2210599316017702,-0.48493499564453957
1662982567756656000,4.93365625,0.848012667119503,0.15897336818613111,-0.1404562261775136
1662982567766613200,4.94361328125,0.8548521577507256,0.40816937054581937,0.33874665555581446
1662982567776569000,4.953569091796875,0.8547557116389274,0.6113465855849907,0.6934994201473891
1662982567786525200,4.963525146484375,0.48235740024149415,0.5127215588450431,0.3301004077635705
1662982567796481000,4.97348095703125,-0.21136779148578644,0.3170994718931615,-0.13829159548953174
1662982567806438100,4.983438232421875,-1.0500567499428988,0.5952647444318979,0.22953984638378022
1662982567816394000,4.99339404296875,-1.5897084012895821,0.931312150966376,0.7989544755704701
1662982567826350300,5.003350341796875,-1.7171441101133822,1.1351081920236348,1.381798787433654
1662982567836306200,5.01330615234375,-1.5446867717802524,1.0243994538560508,1.6506649742946027
1662982567846262300,5.02326220703125,-0.5791203229039907,0.06306622210275381,0.6385770858053118
1662982567856219400,5.033219482421875,-0.2218997068941593,0.33994748271293934,0.5770636095698922
1662982567866175200,5.04317529296875,-0.3696522275596857,1.3928133717924356,1.4780512763559817
1662982567876131300,5.05313134765625,0.059413142955303186,1.3483429464250802,1.9792766048051416
1662982567886087200,5.063087158203125,-0.2117874782025814,1.1426550272066145,1.6095394754409789
1662982567896043300,5.073043212890625,-0.7095020220518112,1.2654253015026449,0.5400362667500972
1662982567906000100,5.083000244140625,-0.850399854516983,1.159444468639791,-0.4869159037960693
1662982567915956200,5.092956298828125,-0.677801061886549,0.2936892240807414,-1.3232587740510702
1662982567925912000,5.102912109375,-0.1765162583351135,-0.03834653565958142,-0.9628682958334683
1662982567935868200,5.1128681640625,0.26202362748980523,-0.35013314196690914,-0.630182547751814
1662982567945825000,5.122824951171875,0.6141647482782602,-0.5296395220287143,-0.11172214386067353
1662982567955781000,5.132781005859375,0.6869032367527484,-0.5437134939581155,0.08109953525033779
1662982567965737200,5.1427373046875,0.565005288311839,-0.6864544700719416,0.0027850093423388896
1662982567975693300,5.152693359375,0.410258378714323,-0.7459699043579399,-0.33827136619426307
1662982567985649200,5.162649169921875,0.3150701580226421,-0.530934530275315,-0.5035811708603054
1662982567995606300,5.172606201171875,0.2849398081749677,-0.30189437704198063,-0.5034857111291959
1662982568005562000,5.18256201171875,0.2339513792157173,-0.5043870073504746,-0.7757154926717281
1662982568015518200,5.192518310546875,0.31258477094769477,-0.636859541297704,-0.8316453235559165
1662982568025474000,5.20247412109375,0.35784546990990634,-0.4751079405698925,-0.610036672030203
1662982568035431200,5.21243115234375,0.02552665544450283,-0.270625451618433,-0.2501161494119093
1662982568045387300,5.22238720703125,-0.41280514058768747,-0.05715623087398707,-0.02948375903982669
1662982568055343000,5.232343017578125,-0.5455237582504749,0.048638650962710375,-0.08726217693276703
1662982568065299200,5.24229931640625,-0.6599000790148973,0.10252623542957007,-0.2264976291436702
1662982568075255000,5.252255126953125,-0.9435703056454658,0.15075038730725646,-0.13469542502793483
1662982568085212200,5.262212158203125,-0.9890233123093843,0.23800861871726808,0.01190086567401886
1662982568095168000,5.27216796875,-0.6662585081309079,0.2836903926357627,0.15293350349999962
1662982568105124400,5.282124267578125,-0.5733972690820693,0.23442433048970995,0.36619821464829144
1662982568115080200,5.292080078125,-0.33705344177186486,0.22949286543689668,0.462115516799502
1662982568125036300,5.302036376953125,0.1984498577237129,0.1729292666938156,0.4069667898230254
1662982568134993200,5.3119931640625,0.595436666932702,0.1183099338863045,0.20299738322654737
1662982568144949200,5.32194921875,0.8380103285431861,-0.01937565853409469,-0.030249108255980536
1662982568154905000,5.331905029296875,0.8581307410299778,-0.16665193998999892,-0.2374476238336414
1662982568164861200,5.341861083984375,0.626992665669322,-0.24717487179562447,-0.3041527138954028
1662982568174818300,5.351818359375,0.5095043503642082,-0.23171390248723328,-0.3051055941734463
1662982568184774100,5.361774169921875,0.5580939014881849,-0.17828239122480152,-0.25675049112616105
1662982568194730200,5.371730224609375,0.6359001947462558,-0.16126279429756105,-0.1433920330342371
1662982568204686000,5.38168603515625,0.40431788274943825,-0.15087386755645274,-0.039900843296339736
1662982568214642400,5.391642333984375,0.19973346779346465,-0.022483196095377207,-0.08281702495901845
1662982568224599600,5.401599609375,0.5276373884260654,-0.04093786732703447,-0.1468408035149332
1662982568234555400,5.411555419921875,0.14159399803578854,-0.09941139134466648,-0.11722789253694936
1662982568244511500,5.421511474609375,-0.30609014823138714,0.04671922720745206,-0.12228884745463728
1662982568254467600,5.431467529296875,-0.4116249908924103,0.15467187159992754,-0.11402955315336584
1662982568264424400,5.441424560546875,-0.3165957601547241,0.18560425854548812,-0.104786892104242
1662982568274380500,5.451380615234375,-0.1220364801287651,0.2242927395105362,-0.08829614135669543
1662982568284336600,5.461336669921875,0.03317804698050022,0.24200134161524472,0.04797902714335359
1662982568294292500,5.47129248046875,0.11974164718985557,0.2352327242631465,0.0918165340351872
1662982568304248600,5.48124853515625,0.2448082887947559,0.17756269864812493,0.07618739595250226
1662982568314205700,5.491205810546875,0.10461188259720802,0.1410201436705887,0.1535168015469797
1662982568324161500,5.50116162109375,-0.08867197066545486,0.08135941916238516,0.14848066141013985
1662982568334117600,5.51111767578125,-0.056989130678772926,0.03299209595434367,0.12449178259270265
1662982568344073500,5.521073486328125,-0.00032031799554824825,0.060081945594958955,0.18515390269579365
1662982568354029600,5.531029541015625,-0.026439094114303587,-0.0736252447137609,0.14348118175556882
1662982568363986400,5.540986328125,-0.18858721987903118,-0.17664032310619948,0.016255681616347283
1662982568373942500,5.550942626953125,-0.4930477210819721,-0.20266250698268412,0.13695458386526443
1662982568383898600,5.560898681640625,-0.800932351514697,-0.11613058055322617,0.3880700373796746
1662982568393854700,5.570854736328125,-0.7144248654067515,0.060316265807487064,0.37480975645333525
1662982568403811300,5.580811279296875,-0.7376812378317117,0.15847488061208276,0.3594827887881547
1662982568413767700,5.590767578125,-1.0057704489707946,-0.012616685793176293,0.2039747220924124
1662982568423723500,5.6007236328125,-0.09893266791701316,-0.9186120246734469,0.5893441587438807
1662982568433679600,5.6106796875,0.7449936066716909,-0.9575379676561802,0.036964725912362335
1662982568443635500,5.620635498046875,-0.20029519332945345,-0.1598481782592833,-0.15683979022353886
1662982568453592600,5.630592529296875,-0.3107604781299829,-0.15520513822641221,1.0207485301330685
1662982568463548700,5.640548583984375,-0.5317255345225333,-0.6254343303114176,0.754351071473211
1662982568473504500,5.65050439453125,-0.4805605799525976,-1.553729763805121,-0.02844195836931467
1662982568483460600,5.660460693359375,-1.5764210496932267,-1.6240372257404028,0.3052801470227539
1662982568493417500,5.67041748046875,-2.6873849805414673,1.0020181837651878,1.075099786588922
1662982568503373600,5.68037353515625,-2.3895213933855293,2.8620646710991857,0.42762043240368364
1662982568513329400,5.690329345703125,-1.9940414816081522,2.247785064269602,0.23017754149911923
1662982568523285500,5.700285400390625,-1.4054846373170613,0.2352319936107844,0.7221171004097908
1662982568533242400,5.710242431640625,-0.5109358444720506,-0.8565186296582221,0.42043008250817654
1662982568543198500,5.720198486328125,0.4508639453470707,-0.35039376566447317,-0.8893461096353829
1662982568553154600,5.730154541015625,0.9662556001842021,0.7146101588457823,-1.7824053945749998
1662982568563110700,5.740110595703125,1.035554177337885,1.1366327712424098,-1.904230570040643
1662982568573066500,5.75006640625,1.1636392899811268,0.577725799805671,-1.2355448347628115
1662982568583023600,5.760023681640625,1.0704600710242986,0.11613996943607925,-0.6659872899740934
1662982568592979700,5.769979736328125,0.985474679917097,0.10337152714729309,-0.3820670341052115
1662982568602935600,5.779935546875,0.9508505257815122,-0.015603081192821264,-0.20254384903907774
1662982568612891600,5.7898916015625,1.0845914722293615,-0.2801351113069802,-0.19050344703020528
1662982568622847500,5.799847412109375,0.9351917688786983,-0.45024617877490813,-0.2555722411270253
1662982568632804600,5.8098046875,0.8115817558228969,-0.3044124973427504,-0.14931617151936516
1662982568642760400,5.819760498046875,0.8457201722681522,0.033854192676395174,-0.055279458950366823
1662982568652716500,5.829716552734375,0.4578472283631563,0.32806386043466623,0.053701048918813464
1662982568662672600,5.839672607421875,-1.4613035551726816,0.6979524540334939,0.5275519020996987
1662982568672629500,5.84962939453125,-2.077711698463559,-0.02967617633938789,0.4557741484161466
1662982568682585600,5.859585693359375,-1.4056599938839673,-0.4155507860340178,0.5820243007171899
1662982568692541700,5.869541748046875,0.07821604310274123,-0.3817974233835935,0.7576695483714342
1662982568702497500,5.87949755859375,1.3618717055618763,-1.2952332875281571,1.0968111945942043
1662982568712453600,5.88945361328125,2.4439713609755036,-2.6801135282337665,1.4785675553150475
1662982568722410800,5.89941064453125,2.6438614806354046,-1.5810042858302593,0.8064296337567269
1662982568732366600,5.90936669921875,1.8256185133576392,-0.6150068981908261,0.19049948324114083
1662982568742322400,5.919322509765625,0.7960486711263656,0.022445202172547578,-0.325257936168462
1662982568752278500,5.929278564453125,-0.6812351279884576,0.7296482996322214,-0.8678300050064921
1662982568762235600,5.939235595703125,-1.7810376133531332,1.232767186743021,-1.105227506088093
1662982568772191500,5.94919140625,-1.8611130205869673,0.9570248305022716,-0.8937796351034194
1662982568782147600,5.959147705078125,-1.5623516078084707,0.5999265256978571,-0.6906019451402128
1662982568792103400,5.969103515625,-1.314677992710471,0.6239205647476017,-0.3465312450174242
1662982568802059800,5.979059814453125,-1.3141203588277102,0.7139313828013837,-0.11424268444739281
1662982568812016400,5.989016357421875,-1.125854041466117,0.6369102485716343,-0.09319715647231787
1662982568821972700,5.99897265625,-0.7081020921260118,0.5027782569795847,-0.009396189376711845
1662982568831928600,6.008928466796875,-0.5509089584201574,0.5142844242475927,0.05102605755589902
1662982568841884700,6.018884765625,-0.4325163877516985,0.5778863971948623,0.009986483420059084
1662982568851841500,6.028841552734375,-0.21351123325526714,0.4940834938704967,-0.07205072540603577
1662982568861797600,6.038797607421875,0.10924071144163608,0.3005835136391222,-0.2152994318462908
1662982568871753500,6.04875341796875,0.437060460922122,0.05140840793699026,-0.2904900261806324
1662982568881709600,6.05870947265625,0.6183347274392843,-0.1625885630086064,-0.17338749532271175
1662982568891665400,6.06866552734375,0.6461620610415935,-0.21275135479867457,-0.08540146109480411
1662982568901622500,6.07862255859375,0.6757032128244638,-0.23157763582170007,0.05922719192914665
1662982568911578600,6.08857861328125,0.742434569838643,-0.15536197275593877,0.13419490076042712
1662982568921534500,6.098534423828125,0.6285282046735287,-0.02910261423513293,0.041508762550167735
1662982568931490600,6.108490478515625,0.3001642653137445,-0.051353901270776985,-0.01400350050907582
1662982568941447400,6.118447509765625,0.051125791603326795,-0.14567483760863542,-0.04405351512953639
1662982568951403500,6.128403564453125,-0.05008709620535373,-0.11947072129398584,-0.11088343714736401
1662982568961359600,6.138359619140625,-0.07912029846608638,-0.022991730139404535,-0.17175576593503356
1662982568971315700,6.148315673828125,-0.03698211543858051,0.07931830525621772,-0.17389997488949446
1662982568981272600,6.1582724609375,-0.06752455321848393,0.16902911745011806,-0.10502751419339329
1662982568991228700,6.168228759765625,-0.10215221448540687,0.19682503300085663,-0.0852003124995157
1662982569001184500,6.1781845703125,-0.1801636749267578,0.19890052410066125,-0.03729351947531104
1662982569011140600,6.188140625,-0.22791911331415174,0.20095950245708227,-0.01094838725477457
1662982569021096400,6.198096435546875,-0.17491116122603415,0.1691711562693119,-0.04363251323848963
1662982569031053600,6.208053466796875,-0.0606587591022253,0.11455416154935956,-0.07130768848638981
1662982569041009700,6.218009765625,0.018126023799180983,0.006630231794714927,-0.021446181197836995
1662982569050965500,6.227965576171875,0.029189269605278966,-0.08259367366507649,0.02256970533505082
1662982569060921600,6.237921630859375,-0.09085340635776519,-0.07061521271020174,-0.06835325912758708
1662982569070877400,6.24787744140625,-0.22896423845291136,-0.016306991678476334,-0.10235029434077442
1662982569080834600,6.25783447265625,-0.28108488631248474,-0.019473346754908562,-0.049621013063564895
1662982569090790400,6.267790283203125,-0.3451017236709594,-0.02077741509079933,-0.005380012537911534
1662982569100746800,6.277746826171875,-0.3376800492376089,0.009130378047376871,-0.02814896677210927
1662982569110702600,6.28770263671875,-0.13618132533729074,0.06152326697707176,-0.05485003629084676
1662982569120659700,6.29765966796875,0.09808628022074699,0.13312120711430905,-0.02400960194505751
1662982569130615600,6.307615478515625,0.26395313424766065,0.13539397435188294,-0.034525917925499375
1662982569140571600,6.317571533203125,0.327440979295969,0.0633766397587955,-0.07340550101585686
1662982569150527500,6.327527587890625,0.23387188423871993,-0.02574862763211131,-0.09480901211574673
1662982569160484600,6.337484619140625,0.053177463436126705,-0.05310132945999503,-0.02740874286405742
1662982569170440700,6.347440673828125,-0.1259182899981737,0.0037136136956512924,0.05111212840415537
1662982569180396500,6.357396484375,-0.3362450479984283,0.035019729324430225,0.13532613328006118
1662982569190352600,6.3673525390625,-0.42390813388228415,0.029694004257023333,0.25630404426660386
1662982569200308500,6.37730859375,-0.34379005655050277,0.03865267899930477,0.16866795598752796
1662982569210265000,6.38726513671875,-0.1593809991389513,0.042542087653279305,0.027452326277457174
1662982569220221000,6.397220947265625,0.0659440060287714,0.009345920494198799,-0.054965588961914176
1662982569230177300,6.40717724609375,0.2360772853285074,-0.003929886794835329,-0.09524075459651649
1662982569240133000,6.417133056640625,0.3085790424376726,-0.03348141384124756,-0.0904861804805696
1662982569250090200,6.42709033203125,0.306938874015212,-0.06526990615949034,-0.06336001741755753
1662982569260046300,6.43704638671875,0.15957856753766536,-0.06956219652593136,0.006751373956352472
1662982569270002200,6.447002197265625,-0.029667408511042593,-0.06109232821390032,0.0130825497392565
1662982569279958300,6.456958251953125,-0.23687165057659149,-0.04586027229055762,-0.020273922548070547
1662982569289914000,6.4669140625,-0.3526590071827173,-0.002274813064187765,-0.024345336705446242
1662982569299871200,6.476871337890625,-0.3047814037203789,0.05411269845962524,-0.019713548718951642
1662982569309827000,6.4868271484375,-0.15077508335709572,0.07810805268362164,-0.018142755738273262
1662982569319783200,6.496783203125,0.08052432004511356,0.09091638859137892,0.009237674346752465
1662982569329739000,6.506739013671875,0.2525374217420816,0.08703355580866336,-0.004042918715253472
1662982569339696000,6.516696044921875,0.34256139153838155,0.05230594129860401,-0.028790333415567873
1662982569349652000,6.52665185546875,0.317923793888092,0.01788330108448863,-0.024123839441873133
1662982569359608000,6.536608154296875,0.19665303743481635,-0.028437720585614442,0.0072349562222138045
1662982569369564200,6.546564208984375,-0.008982347878813744,-0.04587678503394126,-0.022725261222943664
1662982569379520300,6.556520263671875,-0.1914443628758192,-0.040212183400988574,-0.032843115937709805
1662982569389477400,6.566477294921875,-0.28430267931520936,-0.018110387838631867,-0.048800271265208715
1662982569399433200,6.57643310546875,-0.318237097620964,0.00005304536148905754,-0.06629596127159892
1662982569409389300,6.586389404296875,-0.3130529729813337,-0.0009660685531795025,-0.040530674765631554
1662982569419345200,6.59634521484375,-0.18768764069080351,0.004908084177225828,-0.0508598706761375
1662982569429302300,6.60630224609375,-0.04847323126792907,0.031110739187151192,-0.035386845603771505
1662982569439258000,6.616258056640625,0.10240122081041335,0.0028901684835553167,-0.0017108955711126327
1662982569449214200,6.626214111328125,0.21231705503463744,-0.025859540660679338,0.023169424793869256
1662982569459170000,6.636170166015625,0.20947218699753284,-0.04085486521869897,0.03261274124793708
1662982569469127200,6.646127197265625,0.13053425936102867,-0.035556612680107354,-0.011961327156983316
1662982569479083000,6.6560830078125,-0.02159925286769867,0.09356807214394211,-0.1302327556638047
1662982569489039000,6.6660390625,-0.2263525946497917,0.1562615519441664,-0.09016911388803273
1662982569498995000,6.675994873046875,-0.3275836026370525,0.025818185736984012,0.04494688377268612
1662982569508951300,6.685951416015625,-0.17210019545853136,-0.08796995987594128,0.00301076265592128
1662982569518908200,6.695908203125,-0.029095746102929112,-0.050955257342010736,-0.03460997947975993
1662982569528864300,6.7058642578125,0.007342763978242873,0.025511311744898558,-0.006310132994875312
1662982569538820000,6.715820068359375,-0.026503976044058797,-0.011073182678222656,0.006802081230282783
1662982569548776200,6.725776123046875,-0.07083294711410999,-0.07574965298920869,0.03612885961011052
1662982569558733300,6.7357333984375,-0.06112813017964363,-0.06692205728068948,0.02208396764472127
1662982569568689200,6.745689208984375,-0.054506666213274,-0.05177081150859594,-0.056242842356115576
1662982569578645200,6.755645263671875,-0.06752396869659423,0.027655191905796527,-0.0817121050575748
1662982569588601000,6.76560107421875,-0.1284539459556341,0.09972513346895574,-0.05057528158109635
